feature,median_imputation,scaler_mean,scaler_scale,standardized_weight,raw_unit_weight,shared_context,zero_training_pair_variance
bo1,0.0,0.23025392369529157,0.4209953138910389,0.0,0.0,True,True
bo3,1.0,0.7596018884777338,0.42732523854646615,0.0,0.0,True,True
bo5,0.0,0.010144187826974608,0.1002062038014896,0.0,0.0,True,True
is_lan,0.0,0.16932499681000382,0.37503872102130476,0.0,0.0,True,True
is_online,1.0,0.8306750031899962,0.37503872102130476,0.0,0.0,True,True
rank_available,1.0,0.8433073880311344,0.3635107114284807,0.0,0.0,True,True
elo_pre,1556.6745425780323,1582.5406860630271,133.17807212490123,0.2558958885448517,0.0019214566216641082,False,False
matches_before,44.0,62.69777976266428,60.94113571826597,-0.10140304575371298,-0.0016639507051936892,False,False
days_since_last_match,1.0625,5.444065310445701,19.610860375190956,-0.016180022842148506,-0.0008250542063221924,False,False
activity_7d,2.0,3.00003189996172,2.6682206722271915,-0.011529115535014955,-0.0043209003119638835,False,False
activity_30d,8.0,9.217334439198673,7.2911486880901055,-0.04342533996766971,-0.005955898285081448,False,False
activity_90d,20.0,22.293352047977542,16.91352286757475,-0.027829953856754987,-0.0016454262115971326,False,False
overall_winrate,0.53125,0.519859112490917,0.1708001194181251,-0.05098604193651384,-0.2985129173809188,False,False
winrate_last_5,0.6,0.519743417974565,0.25453186699996194,0.039782644976448574,0.15629730550184712,False,False
winrate_last_10,0.5,0.5172183461236989,0.2120874112326482,-0.02650400915635003,-0.12496738492072304,False,False
winrate_last_20,0.5,0.5185921552550047,0.18933668900904357,-0.00805563862134536,-0.042546633003393154,False,False
win_streak,0.0,1.102207477351027,1.7801032600713806,0.014317869576041104,0.008043280351875189,False,False
loss_streak,0.0,0.9583705499553401,1.5350179996576767,0.00917786585954342,0.005978995595875859,False,False
avg_opp_elo_last_10,1560.0426900681332,1579.2925426246509,87.22695165913109,0.15215993904565797,0.0017444142681986017,False,False
h2h_wins_all,0.0,0.6670600995278806,1.3913835799365044,0.0514524355304969,0.036979332135603414,False,False
h2h_wins_last5,0.0,0.5519969376036749,0.982562087972823,0.022379873363108954,0.022777057691368983,False,False
roster_size,5.0,4.996522904172515,0.08427099897459821,0.08331871675265831,0.9886997634592306,False,False
roster_overlap_prev,5.0,4.650567819318617,1.0847158119299098,0.03413008819557932,0.03146454381895253,False,False
roster_overlap_prev_ratio,1.0,0.9306197099230147,0.2166051273991241,0.012200198612244221,0.056324606710549896,False,False
lineup_history_coverage,1.0,0.9348491131810642,0.21507678999257412,0.13545552438825367,0.6298007534561516,False,False
lineup_players_with_history,5.0,4.671494194206967,1.0774973841547169,0.13164191322900015,0.12217376595514576,False,False
lineup_player_rating_mean,1.085680757658417,1.0817797490883296,0.06251229312307989,0.11795085632289228,1.8868425781575457,False,False
lineup_player_adr_mean,73.75623474982412,73.62952447876236,2.9342046503935633,0.006116389545245398,0.002084513615785119,False,False
lineup_player_kast_mean,71.90289422378223,71.60182989422124,2.4772170030787977,0.06487410513784404,0.026188301249836232,False,False
lineup_player_opening_diff_mean,0.0490926621366477,0.02272621477045969,0.2515033520677292,0.0001461438832406713,0.0005810812541429472,False,False
lineup_player_maps_played_mean,107.6,136.45547775509334,110.7539294859394,0.12868045461379726,0.0011618590438376608,False,False
avg_map_count_before,14.0,20.302651950150988,20.21245131092311,0.1300850927228853,0.006435888983568528,False,False
avg_map_wr_before,0.5277777777777778,0.5208933495502028,0.1738717605549913,-0.03779229120912373,-0.2173572700275901,False,False
avg_map_ct_wr_before,0.5061854501282814,0.5034855832505764,0.08403604119714475,0.04951976128307402,0.5892681351671826,False,False
avg_map_t_wr_before,0.5156703132992815,0.5119730745937773,0.08307064057318203,0.030237156434379475,0.3639932980622884,False,False
series_maps_known,3.0,2.2516587980094425,1.090718316425523,0.08942326963781562,0.08198566787699275,False,False
veto_pick_rate_before,0.37619220637660095,0.3955926721124559,0.23110125657358374,-0.01276734347242294,-0.05524566876752467,False,False
veto_remove_rate_before,0.75,0.7464296298203373,0.16604462793186098,-0.0034735280035416965,-0.020919243499808456,False,False
veto_leftover_rate_before,0.35,0.3600500802553941,0.20646587123092297,0.004342314899424893,0.021031635269967718,False,False
rank_score,-74.0,-84.4322125813449,54.464293109607965,0.21008145564013822,0.0038572327601380007,False,False
lineup_player_rating_max,1.1706060606060604,1.177382421085074,0.07310012863425353,0.12591047874720115,1.722438538749733,False,False
lineup_player_rating_min,0.9971724137931032,0.9900405298596981,0.07192497106780872,-0.03579550398762986,-0.49767839258333413,False,False
lineup_player_rating_std,0.0625371568083015,0.06731210935141733,0.02936948369789012,-0.12073749139597656,-4.11098447075017,False,False
roster_same_matches_90d,10.0,14.57681510782187,14.927195642408053,-0.006578859209367331,-0.00044072975038103205,False,False
roster_consecutive_before,7.0,16.09742248309302,23.68772297453968,-0.022449757661178776,-0.0009477381040511362,False,False
roster_pair_experience_90d,16.0,19.028553655735614,15.011319270907478,0.012083378565645477,0.0008049511403746862,False,False
