split,model,accuracy,roc_auc,log_loss,brier,ece_10,n,exact_ties,exact_score_ties
validation,elo,0.6386275594908688,0.6840829421474582,0.6360210326825109,0.22261972980723418,0.015568095439365378,5421,41,
validation,logistic,0.6642685851318945,0.7247925082912676,0.6054968825438454,0.20939326741951206,0.012157827149839222,5421,2,
validation,classification_full_s42,0.669433683822173,0.7296241806167365,0.6024636044761855,0.20799408351998547,0.01489813395916361,5421,2,
validation,classification_full_s43,0.6681424091496034,0.7291235783791615,0.6022630464975546,0.20800981399593044,0.012710141689002587,5421,2,
validation,classification_full_s44,0.667404537908135,0.7295737760998308,0.6025179203976867,0.20802208456296212,0.019408086245151255,5421,2,
validation,ranking_40_s42,0.6679579413392362,0.7292975152776641,0.6030557004898531,0.20841752263371438,0.022101463261831183,5421,2,2.0
validation,ranking_40_s43,0.6650064563733629,0.7283107711147414,0.6035654233390787,0.20865548217270563,0.022806771433852617,5421,2,2.0
validation,ranking_40_s44,0.6664821988562996,0.7278357842873973,0.6037624090364219,0.20874259440744186,0.020103578464377787,5421,2,2.0
validation,ranking_46_s42,0.6662977310459325,0.7283513977062365,0.6024663314450295,0.20830985202983557,0.016911729911808053,5421,2,2.0
validation,ranking_46_s43,0.6659287954251983,0.7279357670176528,0.6034452408182058,0.20865825533220056,0.020573180955705473,5421,2,2.0
validation,ranking_46_s44,0.6688802803910717,0.7307238529322896,0.601575893433662,0.20785250486454665,0.020281785282321798,5421,2,2.0
test,elo,0.6241151486550259,0.6812699651384155,0.6351760879236538,0.22252582728152934,0.031166510155406703,4238,11,
test,logistic,0.6665880132137801,0.7225641994853067,0.6052721979415706,0.20944081604388265,0.01986908548696411,4238,1,
test,classification_full_s42,0.6637564889098632,0.7258954576974463,0.6025569021606849,0.2085055273481297,0.013750281380607864,4238,1,
test,classification_full_s43,0.6644643699858424,0.7263057400923124,0.6018262121363459,0.2082432474473085,0.01691459801260121,4238,1,
test,classification_full_s44,0.668475696083058,0.7254343698326603,0.6028801816231147,0.20860012746756965,0.016848800317405026,4238,1,
test,ranking_40_s42,0.6604530438886267,0.7223616550118919,0.6031560917671882,0.20922173607284028,0.015578509119925088,4238,1,1.0
test,ranking_40_s43,0.6644643699858424,0.7247738987236988,0.601650480965639,0.2084634841634347,0.01893783046114277,4238,1,1.0
test,ranking_40_s44,0.6550259556394525,0.722108756672734,0.6036013300693552,0.2094328608095839,0.019532190615768982,4238,1,1.0
test,ranking_46_s42,0.6590372817366682,0.7230433515171755,0.6036159848346148,0.20928962481499813,0.019175569121451568,4238,1,1.0
test,ranking_46_s43,0.6618688060405852,0.7216562492873122,0.6038333283771504,0.20945589028998962,0.017857954093823264,4238,1,1.0
test,ranking_46_s44,0.6642284096271827,0.7200973116680746,0.605308307677008,0.210045517428939,0.01715672265116926,4238,1,1.0
