feature,group,validation_LossFunctionChange
rank_score,T,0.014757314427908619
lineup_player_maps_played_mean,C,0.0036165458972906572
elo_pre,T,0.003605255163369514
lineup_player_rating_mean,I,0.0020672690295086005
avg_opp_elo_last_10,T,0.0017554482552887274
lineup_player_rating_min,I,0.001608441901665092
h2h_wins_last5,T,0.0012138933141033759
lineup_player_rating_max,I,0.0009817409534398358
lineup_player_kast_mean,I,0.0009129204991522588
avg_map_ct_wr_before,T,0.0008195952574873155
h2h_wins_all,T,0.0007428568323837315
avg_map_count_before,C,0.0006968878476184548
avg_map_t_wr_before,T,0.0005461940742103044
rank_available,C,0.0003750818977270587
lineup_player_opening_diff_mean,I,0.00030147840324024067
roster_size,C,0.00029082543401837135
winrate_last_5,T,0.0002762172656144424
loss_streak,T,0.00024181666636657884
lineup_player_adr_mean,I,0.0002301927404592119
series_maps_known,C,0.0001952876983355445
lineup_players_with_history,C,0.00017967180719580256
roster_consecutive_before,S,0.00015997282572088878
avg_map_wr_before,T,0.00014602449049461175
win_streak,T,0.00012805281928962575
lineup_history_coverage,C,8.996365061830769e-05
winrate_last_10,T,7.658261887288909e-05
roster_pair_experience_90d,S,7.487186222665532e-05
is_online,C,6.3445014141017e-05
is_lan,C,4.1210211156439414e-05
winrate_last_20,T,3.3127279082889594e-05
activity_7d,T,2.4977488958133343e-05
bo5,C,-1.7482236113197658e-06
veto_leftover_rate_before,T,-1.1333630172249975e-05
roster_overlap_prev,S,-1.1946269963813982e-05
bo3,C,-1.4375568649915849e-05
days_since_last_match,T,-1.7731381105279276e-05
bo1,C,-3.0163976433628115e-05
roster_overlap_prev_ratio,S,-4.4509675702464335e-05
lineup_player_rating_std,I,-5.395287419107664e-05
roster_same_matches_90d,S,-8.834578673933002e-05
activity_90d,T,-0.00012113109006306466
overall_winrate,T,-0.00012779319418976254
veto_pick_rate_before,T,-0.0002172018140605969
activity_30d,T,-0.0002439981242997602
veto_remove_rate_before,T,-0.0002832850202471038
matches_before,C,-0.0003944766908829944
