split,seed,group,without,estimate,ci95_low,ci95_high,weeks,accuracy_gain
validation,42,individual,CTS,0.00374191645299745,0.0004602285752819871,0.006910743568441091,27,-0.005718502121379819
validation,42,team,CI,0.016503543906886464,0.01083935890733566,0.02187102980841125,27,0.016233167312304002
validation,42,joint_experience,CTI,-0.0008645732819769986,-0.0021965670266494005,0.0004101626842268302,27,-0.003504888396974728
validation,43,individual,CTS,0.003070773035569295,-0.0007085231715451774,0.006782813171221404,27,-0.006271905552481092
validation,43,team,CI,0.015957013071151945,0.01055252722488911,0.02076709823801948,27,0.014757424829367276
validation,43,joint_experience,CTI,-0.0008940784956228222,-0.0026063281853903066,0.0008012172487842186,27,-0.005165098690278546
validation,44,individual,CTS,0.006365595394681986,0.002282202688732003,0.010493939896825462,27,-0.00036893562073418186
validation,44,team,CI,0.018298624441193314,0.012886717629304354,0.023181864758314255,27,0.016971038553772366
validation,44,joint_experience,CTI,0.0012417504759830132,-0.0007213703760934469,0.0031925682142126353,27,0.006087437742114001
test,42,individual,CTS,0.0030329390423006466,-0.00033202792607076444,0.006073601209056157,15,0.001415762151958471
test,42,team,CI,0.016699801515540676,0.007423769569560388,0.025298999118407453,15,0.02052855120339783
test,42,joint_experience,CTI,0.0007321854179859927,-0.0018705194560694259,0.003031256496001733,15,-0.0033034450212364322
test,43,individual,CTS,0.004598319898521415,0.0008845739576196349,0.00821631768078123,15,0.0023596035865974517
test,43,team,CI,0.015753464846863283,0.007936689284720985,0.02296933546083003,15,0.02406795658329401
test,43,joint_experience,CTI,-0.0024510073683575813,-0.004711262636998157,-0.0003013555509090055,15,-0.0011798017932987258
test,44,individual,CTS,0.0018627209977070134,-0.002008154377186331,0.005767475706184255,15,0.005663048607833884
test,44,team,CI,0.014321031320497689,0.006005266579723225,0.02216441367811358,15,0.02241623407267579
test,44,joint_experience,CTI,-0.0017806395617651733,-0.004068325508111301,0.0005518888722053659,15,0.0011798017932987258
