subset,seed,feature_count,validation_accuracy,validation_roc_auc,validation_log_loss,validation_brier,validation_ece_10,validation_exact_score_ties,test_accuracy,test_roc_auc,test_log_loss,test_brier,test_ece_10,test_exact_score_ties
C,42,13,0.6220254565578307,0.6713890603468767,0.6405486980339412,0.22555233502327976,0.03255707408815576,8,0.6078338839075036,0.665138551032514,0.635540389916629,0.22418657674390288,0.031161396268373984,11
C,43,13,0.6168603578675521,0.6710352647077213,0.639996461620971,0.2252923465852288,0.03541882889899452,8,0.6061821613968853,0.6614032199829429,0.6365807676452162,0.22462015173845176,0.030758287687525546,8
C,44,13,0.6194429072126914,0.6713346620294511,0.6399514499459116,0.22528777673295122,0.03444228564196137,12,0.6028787163756489,0.6633657788354348,0.6359988438549556,0.2243971521718437,0.032196416566260135,15
CI,42,20,0.6500645637336285,0.7026652696627883,0.618969875351916,0.21574076357533764,0.019352982858802378,3,0.6385087305332704,0.6957371049507786,0.6203157863501554,0.21703986510796697,0.027007430680522675,2
CI,43,20,0.6511713705958311,0.703411559490964,0.6194022538893579,0.21584131215151586,0.019565322593911985,3,0.6378008494572912,0.6976011011916254,0.6195867932240138,0.21647407225270715,0.028458110528501165,2
CI,44,20,0.6519092418372994,0.7020577988319923,0.6198745178748554,0.216073368342584,0.01930917291738002,3,0.6418121755545069,0.6964165434351768,0.6196293389975056,0.216622712066185,0.02534235623193776,2
CTS,42,39,0.6720162331673123,0.7277354572639932,0.6062082478980271,0.20967483423917857,0.03297656623668963,2,0.6576215195847098,0.7200666025840339,0.6066489238769154,0.2104348214528665,0.015276199812731043,1
CTS,43,39,0.6722007009776794,0.7256234253752865,0.6065160138537751,0.20992901777972156,0.031013584901639572,2,0.6595092024539877,0.7170458222436282,0.6084316482756719,0.21125770292225043,0.018626264458570033,1
CTS,44,39,0.669249216011806,0.7239071240311935,0.6079414888283441,0.2105789410257333,0.029580260115386225,2,0.6585653610193487,0.7199437662478716,0.6071710286747151,0.21057639588939733,0.016769207815677076,1
CTI,42,41,0.6698026194429072,0.7299173806617976,0.6016017581630526,0.20788371075055934,0.020383130984228497,2,0.6623407267579047,0.7212850306537625,0.6043481702526007,0.2097121206140782,0.018065844012805872,1
CTI,43,41,0.6710938941154768,0.7303502260077942,0.602551162322583,0.2082005487249875,0.024937748540093837,2,0.6630486078338839,0.7259388116984449,0.6013823210087929,0.20834223241240224,0.015238671466308012,1
CTI,44,41,0.6627928426489578,0.7298317205265097,0.6028176439096451,0.20831345965184203,0.029353180846890974,2,0.6630486078338839,0.7236405980413475,0.6035276681152428,0.20922870288608425,0.01485478470088618,1
CTIS,42,46,0.6662977310459325,0.7283513977062365,0.6024663314450295,0.20830985202983557,0.016911729911808053,2,0.6590372817366682,0.7230433515171755,0.6036159848346148,0.20928962481499813,0.019175569121451568,1
CTIS,43,46,0.6659287954251983,0.7279357670176528,0.6034452408182058,0.20865825533220056,0.020573180955705473,2,0.6618688060405852,0.7216562492873122,0.6038333283771504,0.20945589028998962,0.017857954093823264,1
CTIS,44,46,0.6688802803910717,0.7307238529322896,0.601575893433662,0.20785250486454665,0.020281785282321798,2,0.6642284096271827,0.7200973116680746,0.605308307677008,0.210045517428939,0.01715672265116926,1
